<?xml version="1.0" encoding="UTF-8"?>
<project-private xmlns="http://www.netbeans.org/ns/project-private/1">
    <editor-bookmarks xmlns="http://www.netbeans.org/ns/editor-bookmarks/2" lastBookmarkId="0"/>
    <open-files xmlns="http://www.netbeans.org/ns/projectui-open-files/2">
        <group>
            <file>file:/C:/Users/ajay/Documents/NetBeansProjects/MapReduceDemo/data/output/part-r-00000</file>
            <file>file:/C:/Users/ajay/Documents/NetBeansProjects/MapReduceDemo/src/mapreducedemo/MyMapper.java</file>
            <file>file:/C:/Users/ajay/Documents/NetBeansProjects/MapReduceDemo/src/mapreducedemo/MyReducer.java</file>
            <file>file:/C:/Users/ajay/Documents/NetBeansProjects/MapReduceDemo/src/mapreducedemo/ViewCount.java</file>
            <file>file:/C:/Users/ajay/Documents/NetBeansProjects/MapReduceDemo/data/input/rawViews.txt</file>
        </group>
    </open-files>
</project-private>
